{"#Trieste": {"score": 0.20000000298023224, "magnitude": 0.20000000298023224},
  "#27aprile": {"score": 0.10000000149011612, "magnitude": 0.10000000149011612},
  "#SantaClaritaDiet": {"score": -0.800000011920929, "magnitude": 0.800000011920929},
  "#BoyWithLuv6thWin": {"score": 0.800000011920929, "magnitude": 0.800000011920929},
  "#maratona": {"score": 0.0, "magnitude": 0.0},
  "Antonio Gramsci": {"score": -0.699999988079071, "magnitude": 0.699999988079071},
  "al sisi": {"score": -0.30000001192092896, "magnitude": 0.800000011920929},
  "Province": {"score": -0.10000000149011612, "magnitude": 1.2000000476837158},
  "Polemica a Trieste": {"score": 0.6000000238418579, "magnitude": 0.6000000238418579},
  "Marescotti": {"score": 0.0, "magnitude": 0.0},
  "Kevin Durant": {"score": -0.20000000298023224, "magnitude": 1.5},
  "Manduria": {"score": -0.4000000059604645, "magnitude": 0.4000000059604645},
  "SPOILER ENDGAME": {"score": 0.0, "magnitude": 1.7000000476837158},
  "Rugani": {"score": -0.5, "magnitude": 0.5},
  "Gino Strada": {"score": -0.4000000059604645, "magnitude": 0.4000000059604645},
  "Taylor": {"score": 0.4000000059604645, "magnitude": 1.899999976158142},
  "Follettina": {"score": 0.5, "magnitude": 0.5},
  "Conte": {"score": -0.5, "magnitude": 1.600000023841858},
  "#boicottamaratonatrieste": {"score": 0.0, "magnitude": 0.0},
  "#Gramsci": {"score": -0.4000000059604645, "magnitude": 0.4000000059604645},
  "#Citando": {"score": 0.0, "magnitude": 0.0},
  "#InterJuventus": {"score": -0.10000000149011612, "magnitude": 0.10000000149011612},
  "#Ilva": {"score": -0.8999999761581421, "magnitude": 0.8999999761581421},
  "#GlobalAzure": {"score": 0.800000011920929, "magnitude": 0.800000011920929},
  "#buonsabato": {"score": -0.4000000059604645, "magnitude": 0.4000000059604645},
  "#EdSheeranIsTheBoyOfARMY": {"score": 0.0, "magnitude": 0.0},
  "#razzismo": {"score": 0.5, "magnitude": 0.5},
  "#FrosinoneNapoli": {"score": 0.0, "magnitude": 0.0},
  "#MusicCore": {"score": -0.800000011920929, "magnitude": 0.800000011920929},
  "#Fazio": {"score": 0.6000000238418579, "magnitude": 0.6000000238418579},
  "#TheAvengers": {"score": 0.5, "magnitude": 0.5},
  "#propagandalive": {"score": -0.30000001192092896, "magnitude": 0.6000000238418579},
  "#Pomeriggio5": {"score": 0.8999999761581421, "magnitude": 0.8999999761581421},
  "#Gomorra4": {"score": 0.5, "magnitude": 1.0},
  "#legittimadifesa": {"score": -0.8999999761581421, "magnitude": 0.8999999761581421},
  "#QuartoGrado": {"score": 0.10000000149011612, "magnitude": 0.10000000149011612},
  "#MeOutNow": {"score": 0.8999999761581421, "magnitude": 0.8999999761581421},
  "#AvengersEndgame": {"score": 0.30000001192092896, "magnitude": 1.2999999523162842},
  "#AzerbaijanGP": {"score": -0.20000000298023224, "magnitude": 1.399999976158142},
  "#LaCorrida": {"score": 0.5, "magnitude": 0.5},
  "#votamemo": {"score": -0.699999988079071, "magnitude": 0.699999988079071},
  "#GaiaeMatilde": {"score": 0.20000000298023224, "magnitude": 0.20000000298023224},
  "#imagzle": {"score": 0.0, "magnitude": 0.0},
  "#resistenti": {"score": -0.6000000238418579, "magnitude": 0.6000000238418579},
  "#atalantafiorentina": {"score": 0.8999999761581421, "magnitude": 0.8999999761581421},
  "#facciamoVOTARE": {"score": 0.6000000238418579, "magnitude": 0.6000000238418579},
  "#ARaccontareCominciaTu": {"score": -0.20000000298023224, "magnitude": 1.2000000476837158},
  "#Liberazione": {"score": -0.10000000149011612, "magnitude": 0.5},
  "#inversioni": {"score": 0.0, "magnitude": 0.0},
  "#Endgame": {"score": 0.4000000059604645, "magnitude": 1.2999999523162842},
  "score": 0.016000000387430192,
  "magnitude": 0.6460000018775464}